settle_date,snap,event_ticker,outcome,reason,n_brackets,n_two_sided,n_traded,split_half_fired,sampler_ok,chi2_per_strike
2026-01-02,T-1d,KXWTIW-26JAN02,g0c_too_few_strikes,no two-sided quotes in the window,0,0,0,,,
2026-01-02,T-4h,KXWTIW-26JAN02,g0c_too_few_strikes,"7 strikes, 3/4 per wing",0,0,0,,,
2026-01-09,T-1d,KXWTIW-26JAN09,cleared,,15,15,0,False,True,1.14
2026-01-09,T-4h,KXWTIW-26JAN09,sampler_fail,,15,15,0,False,False,0.77
2026-01-16,T-1d,KXWTIW-26JAN16,g0b_contract_mismatch,,15,6,0,False,True,0.56
2026-01-16,T-4h,KXWTIW-26JAN16,g0b_contract_mismatch,,15,6,0,False,True,0.89
2026-01-23,T-1d,KXWTIW-26JAN23,cleared,,15,15,0,False,True,0.65
2026-01-23,T-4h,KXWTIW-26JAN23,cleared,,15,9,0,False,True,0.86
2026-01-30,T-1d,KXWTIW-26JAN30,cleared,,15,4,0,False,True,0.93
2026-01-30,T-4h,KXWTIW-26JAN30,cleared,,15,15,0,False,True,2.06
2026-02-06,T-1d,KXWTIW-26FEB06,cleared,,19,8,0,False,True,1.10
2026-02-06,T-4h,KXWTIW-26FEB06,sampler_fail,,19,19,0,False,False,1.96
2026-02-13,T-1d,KXWTIW-26FEB13,cleared,,19,9,0,False,True,0.92
2026-02-13,T-4h,KXWTIW-26FEB13,cleared,,19,4,0,False,True,0.82
2026-02-20,T-1d,KXWTIW-26FEB20,sampler_fail,,15,7,0,False,False,0.63
2026-02-20,T-4h,KXWTIW-26FEB20,cleared,,15,15,0,False,True,0.80
2026-02-27,T-1d,KXWTIW-26FEB27,cleared,,15,7,0,False,True,5.88
2026-02-27,T-4h,KXWTIW-26FEB27,cleared,,15,5,0,False,True,0.70
2026-03-06,T-1d,KXWTIW-26MAR06,sampler_fail,,15,3,0,False,False,1.90
2026-03-06,T-4h,KXWTIW-26MAR06,g4_split_half_fired,,15,6,0,True,True,2.75
2026-03-13,T-1d,KXWTIW-26MAR13,cleared,,15,15,0,False,True,2.00
2026-03-13,T-4h,KXWTIW-26MAR13,g4_split_half_fired,,15,15,0,True,True,1.76
2026-03-20,T-1d,KXWTIW-26MAR20,cleared,,15,15,0,False,True,3.11
2026-03-20,T-4h,KXWTIW-26MAR20,cleared,,15,13,0,False,True,0.98
2026-03-27,T-1d,KXWTIW-26MAR27,cleared,,15,15,0,False,True,2.11
2026-03-27,T-4h,KXWTIW-26MAR27,sampler_fail,,15,13,0,False,False,1.16
2026-04-03,T-1d,KXWTIW-26APR03,g0a_no_same_day_expiry,,0,0,0,,,
2026-04-03,T-4h,KXWTIW-26APR03,g0a_no_same_day_expiry,,0,0,0,,,
2026-04-10,T-1d,KXWTIW-26APR10,g4_split_half_fired,,15,4,0,True,False,2.30
2026-04-10,T-4h,KXWTIW-26APR10,cleared,,15,6,0,False,True,0.87
2026-04-17,T-1d,KXWTIW-26APR17,g0b_contract_mismatch,,15,15,0,False,True,0.96
2026-04-17,T-4h,KXWTIW-26APR17,g0b_contract_mismatch,,15,7,0,False,False,1.86
2026-04-24,T-1d,KXWTIW-26APR24,cleared,,15,6,0,False,True,1.49
2026-04-24,T-4h,KXWTIW-26APR24,cleared,,15,6,0,False,True,1.47
2026-05-01,T-1d,KXWTIW-26MAY01,cleared,,15,10,0,False,True,1.32
2026-05-01,T-4h,KXWTIW-26MAY01,sampler_fail,,15,9,0,False,False,2.21
2026-05-08,T-1d,KXWTIW-26MAY08,cleared,,15,11,0,False,True,1.25
2026-05-08,T-4h,KXWTIW-26MAY08,cleared,,15,9,0,False,True,0.76
2026-05-15,T-1d,KXWTIW-26MAY15,g0b_contract_mismatch,,0,0,0,,,
2026-05-15,T-4h,KXWTIW-26MAY15,g0b_contract_mismatch,,0,0,0,,,
2026-05-22,T-1d,KXWTIW-26MAY2214,cleared,,15,11,0,False,True,3.08
2026-05-22,T-4h,KXWTIW-26MAY2214,cleared,,15,11,0,False,True,1.04
2026-05-29,T-1d,KXWTIW-26MAY2914,cleared,,15,11,0,False,True,0.65
2026-05-29,T-4h,KXWTIW-26MAY2914,cleared,,15,3,0,False,True,1.32
2026-06-05,T-1d,KXWTIW-26JUN0514,cleared,,15,15,0,False,True,2.46
2026-06-05,T-4h,KXWTIW-26JUN0514,cleared,,15,15,0,False,True,1.26
2026-06-12,T-1d,KXWTIW-26JUN1214,cleared,,15,15,0,False,True,1.54
2026-06-12,T-4h,KXWTIW-26JUN1214,cleared,,15,12,0,False,True,1.83
2026-06-18,T-1d,KXWTIW-26JUN1914,g0a_no_same_day_expiry,,0,0,0,,,
2026-06-18,T-4h,KXWTIW-26JUN1914,g0a_no_same_day_expiry,,0,0,0,,,
2026-06-26,T-1d,KXWTIW-26JUN2614,cleared,,15,14,0,False,True,0.97
2026-06-26,T-4h,KXWTIW-26JUN2614,cleared,,15,6,0,False,True,0.81
2026-07-02,T-1d,KXWTIW-26JUL0214,g0a_no_same_day_expiry,,0,0,0,,,
2026-07-02,T-4h,KXWTIW-26JUL0214,g0a_no_same_day_expiry,,0,0,0,,,
2026-07-10,T-1d,KXWTIW-26JUL1014,cleared,,15,10,0,False,True,3.16
2026-07-10,T-4h,KXWTIW-26JUL1014,cleared,,15,11,0,False,True,0.84
2026-07-17,T-1d,KXWTIW-26JUL1714,cleared,,15,12,0,False,True,1.43
2026-07-17,T-4h,KXWTIW-26JUL1714,cleared,,15,2,0,False,True,1.00
2026-07-24,T-1d,KXWTIW-26JUL2414,cleared,,27,25,0,False,True,2.56
2026-07-24,T-4h,KXWTIW-26JUL2414,cleared,,27,25,0,False,True,1.12
2026-07-31,T-1d,KXWTIW-26JUL3114,sampler_fail,,27,25,0,False,False,1.58
2026-07-31,T-4h,KXWTIW-26JUL3114,cleared,,27,13,0,False,True,1.10
2026-08-07,T-1d,KXWTIW-26AUG0714,sampler_fail,,27,16,0,False,False,1.07
2026-08-07,T-4h,KXWTIW-26AUG0714,cleared,,27,26,0,False,True,1.15
2026-08-14,T-1d,KXWTIW-26AUG1414,cleared,,27,12,0,False,True,1.08
2026-08-14,T-4h,KXWTIW-26AUG1414,cleared,,27,10,0,False,True,0.95
2026-08-21,T-1d,KXWTIW-26AUG2114,cleared,,27,17,0,False,True,1.03
2026-08-21,T-4h,KXWTIW-26AUG2114,sampler_fail,,27,27,0,False,False,1.00
2026-08-28,T-1d,KXWTIW-26AUG2814,cleared,,27,11,0,False,True,1.66
2026-08-28,T-4h,KXWTIW-26AUG2814,cleared,,27,13,0,False,True,0.77
2026-09-04,T-1d,KXWTIW-26SEP0414,cleared,,27,13,0,False,True,1.16
2026-09-04,T-4h,KXWTIW-26SEP0414,cleared,,27,10,0,False,True,1.32
2026-09-11,T-1d,KXWTIW-26SEP1114,g0c_too_few_strikes,no two-sided quotes in the window,0,0,0,,,
2026-09-11,T-4h,KXWTIW-26SEP1114,g0c_too_few_strikes,no two-sided quotes in the window,0,0,0,,,
